{
  "episode": 100,
  "episode_rewards": [
    -6.596767425537109,
    5.242549896240234,
    1.4876365661621094,
    -5.420783996582031,
    5.437992095947266,
    8.386524200439453,
    110.52532958984375,
    9.345489501953125,
    9.254703521728516,
    9.451026916503906,
    8.092288970947266,
    8.872344970703125,
    8.429328918457031,
    9.81005859375,
    10.694034576416016,
    10.163688659667969,
    10.832149505615234,
    8.216484069824219,
    -4.793968200683594,
    -3.500102996826172,
    -7.525665283203125,
    -11.180049896240234,
    39.466026306152344,
    -5.2665557861328125,
    3.2960472106933594,
    5.815681457519531,
    38.73590087890625,
    -1.9622230529785156,
    40.973655700683594,
    3.9635086059570312,
    24.1025390625,
    9.971973419189453,
    12.723190307617188,
    14.136131286621094,
    457.24945068359375,
    463.3606262207031,
    40.604209899902344,
    465.9835205078125,
    445.439697265625,
    -25.411251068115234,
    7.656394958496094,
    540.706298828125,
    457.0065002441406,
    452.9349060058594,
    527.3860473632812,
    452.90509033203125,
    447.99566650390625,
    167.52438354492188,
    455.148681640625,
    455.29290771484375,
    456.8659973144531,
    453.44696044921875,
    9.598758697509766,
    322.107666015625,
    162.77500915527344,
    458.4222412109375,
    935.648681640625,
    666.9205932617188,
    558.7804565429688,
    703.4815063476562,
    406.8656921386719,
    460.3385314941406,
    857.32275390625,
    566.208251953125,
    458.4769287109375,
    681.7662353515625,
    460.629150390625,
    458.92608642578125,
    903.3158569335938,
    706.8029174804688,
    458.7738037109375,
    703.3250732421875,
    133.8193359375,
    94.86807250976562,
    265.3731384277344,
    503.9541931152344,
    116.54743957519531,
    579.1671142578125,
    54.539817810058594,
    495.0939025878906,
    458.4638366699219,
    667.0534057617188,
    158.62005615234375,
    9.499862670898438,
    11.0291748046875,
    10.693183898925781,
    10.78403091430664,
    11.738903045654297,
    11.280342102050781,
    11.259441375732422,
    9.53900146484375,
    10.98703384399414,
    10.355960845947266,
    9.072742462158203,
    10.63134765625,
    9.574764251708984,
    9.665729522705078,
    11.41884994506836,
    10.326370239257812,
    9.205425262451172
  ],
  "lap_times": [
    null,
    null,
    null,
    null,
    null,
    null,
    null,
    null,
    null,
    null,
    null,
    null,
    null,
    null,
    null,
    null,
    null,
    null,
    null,
    null,
    null,
    null,
    null,
    null,
    null,
    null,
    null,
    null,
    null,
    null,
    null,
    null,
    null,
    null,
    1.6841468811035156,
    1.7796039581298828,
    null,
    1.1936330795288086,
    2.2112159729003906,
    null,
    null,
    2.287513256072998,
    1.108747959136963,
    1.3276500701904297,
    2.1040921211242676,
    1.4966239929199219,
    1.573160171508789,
    null,
    1.082442045211792,
    1.0678820610046387,
    0.9761271476745605,
    1.0854949951171875,
    null,
    null,
    null,
    0.8034157752990723,
    2.3304030895233154,
    1.6178760528564453,
    1.3254740238189697,
    null,
    null,
    0.8002066612243652,
    2.014252185821533,
    2.0108017921447754,
    1.337024211883545,
    3.2149150371551514,
    null,
    0.9971158504486084,
    2.192584991455078,
    1.6713879108428955,
    0.6857359409332275,
    1.8295187950134277,
    null,
    null,
    null,
    1.1559982299804688,
    null,
    null,
    null,
    1.6284270286560059,
    0.7832629680633545,
    2.5907912254333496,
    null,
    null,
    null,
    null,
    null,
    null,
    null,
    null,
    null,
    null,
    null,
    null,
    null,
    null,
    null,
    null,
    null,
    null
  ],
  "best_lap_time": 0.6857359409332275,
  "crash_count": 68
}