{
  "episode": 200,
  "episode_rewards": [
    -6.596767425537109,
    5.242549896240234,
    1.4876365661621094,
    -5.420783996582031,
    5.437992095947266,
    8.386524200439453,
    110.52532958984375,
    9.345489501953125,
    9.254703521728516,
    9.451026916503906,
    8.092288970947266,
    8.872344970703125,
    8.429328918457031,
    9.81005859375,
    10.694034576416016,
    10.163688659667969,
    10.832149505615234,
    8.216484069824219,
    -4.793968200683594,
    -3.500102996826172,
    -7.525665283203125,
    -11.180049896240234,
    39.466026306152344,
    -5.2665557861328125,
    3.2960472106933594,
    5.815681457519531,
    38.73590087890625,
    -1.9622230529785156,
    40.973655700683594,
    3.9635086059570312,
    24.1025390625,
    9.971973419189453,
    12.723190307617188,
    14.136131286621094,
    457.24945068359375,
    463.3606262207031,
    40.604209899902344,
    465.9835205078125,
    445.439697265625,
    -25.411251068115234,
    7.656394958496094,
    540.706298828125,
    457.0065002441406,
    452.9349060058594,
    527.3860473632812,
    452.90509033203125,
    447.99566650390625,
    167.52438354492188,
    455.148681640625,
    455.29290771484375,
    456.8659973144531,
    453.44696044921875,
    9.598758697509766,
    322.107666015625,
    162.77500915527344,
    458.4222412109375,
    935.648681640625,
    666.9205932617188,
    558.7804565429688,
    703.4815063476562,
    406.8656921386719,
    460.3385314941406,
    857.32275390625,
    566.208251953125,
    458.4769287109375,
    681.7662353515625,
    460.629150390625,
    458.92608642578125,
    903.3158569335938,
    706.8029174804688,
    458.7738037109375,
    703.3250732421875,
    133.8193359375,
    94.86807250976562,
    265.3731384277344,
    503.9541931152344,
    116.54743957519531,
    579.1671142578125,
    54.539817810058594,
    495.0939025878906,
    458.4638366699219,
    667.0534057617188,
    158.62005615234375,
    9.499862670898438,
    11.0291748046875,
    10.693183898925781,
    10.78403091430664,
    11.738903045654297,
    11.280342102050781,
    11.259441375732422,
    9.53900146484375,
    10.98703384399414,
    10.355960845947266,
    9.072742462158203,
    10.63134765625,
    9.574764251708984,
    9.665729522705078,
    11.41884994506836,
    10.326370239257812,
    9.205425262451172,
    601.2655639648438,
    452.2312316894531,
    11.174736022949219,
    11.022224426269531,
    10.256446838378906,
    10.686653137207031,
    455.98785400390625,
    10.684070587158203,
    456.14190673828125,
    454.0780029296875,
    453.1738586425781,
    11.731681823730469,
    12.787586212158203,
    10.617721557617188,
    11.647750854492188,
    454.1142272949219,
    454.13031005859375,
    454.7655029296875,
    12.038261413574219,
    453.92413330078125,
    11.111442565917969,
    11.86324691772461,
    455.4120178222656,
    455.08331298828125,
    454.79290771484375,
    454.635986328125,
    11.670257568359375,
    11.687667846679688,
    11.149581909179688,
    454.1022644042969,
    454.9516906738281,
    454.8760681152344,
    11.16552734375,
    9.940597534179688,
    453.2485656738281,
    454.98248291015625,
    456.0068359375,
    10.108333587646484,
    9.711170196533203,
    9.924232482910156,
    10.487499237060547,
    8.349788665771484,
    455.6218566894531,
    454.8797912597656,
    457.33270263671875,
    457.4831237792969,
    454.8843078613281,
    456.70306396484375,
    11.408432006835938,
    9.46609878540039,
    9.78622817993164,
    9.571460723876953,
    456.4016418457031,
    455.58380126953125,
    454.7132568359375,
    458.57916259765625,
    541.652099609375,
    9.72006607055664,
    456.5740051269531,
    458.2814636230469,
    456.6915588378906,
    10.765090942382812,
    456.0943908691406,
    460.1576232910156,
    458.6016845703125,
    458.7475280761719,
    459.2133483886719,
    459.3414306640625,
    459.6423645019531,
    459.8172912597656,
    459.20281982421875,
    531.31689453125,
    582.127685546875,
    463.718994140625,
    571.13623046875,
    1706.71826171875,
    880.074951171875,
    2134.3193359375,
    662.2997436523438,
    712.4684448242188,
    1936.1187744140625,
    2135.837890625,
    953.8235473632812,
    849.4125366210938,
    460.5343933105469,
    641.3873901367188,
    678.5196533203125,
    3814.199462890625,
    1563.161865234375,
    1606.1248779296875,
    546.3618774414062,
    3527.08984375,
    850.78857421875,
    678.9862670898438,
    4534.59765625,
    1054.1533203125,
    1355.120361328125,
    2290.183837890625,
    718.8443603515625,
    883.68408203125
  ],